cand,window,schedule,days,trades,sharpe,total_return,max_dd,hit_rate,gross_per_trade,gross_per_trade_over_cost,gross_total
C1,TRAIN,today,438,434,-5.700570411980624,-0.23770266030653897,-0.23774144070339565,0.33640552995391704,4.6297782078315636e-05,0.06910116728106812,0.020093237421988985
C1,TRAIN,historical,438,434,-2.5634029868262593,-0.11520699518524524,-0.12017956209069225,0.4216589861751152,4.6297782078315636e-05,0.06910116728106812,0.020093237421988985
C1,VALIDATE,today,126,124,-7.01277587114641,-0.07511039405815745,-0.07445947302211386,0.2661290322580645,4.149986712473621e-05,0.06194010018617344,0.00514598352346729
C1,VALIDATE,historical,126,124,-3.6696231577014355,-0.040039375059207294,-0.04108856580845155,0.4112903225806452,4.149986712473621e-05,0.06194010018617344,0.00514598352346729
C2,TRAIN,today,438,372,-1.2773778815967383,-0.12333553511260165,-0.1397358078054748,0.35714285714285715,0.00032401690381489884,0.4836073191267147,0.12053428821914236
C2,TRAIN,historical,438,372,-0.026574266773148128,-0.005418301340817,-0.08233264146035246,0.39285714285714285,0.00032401690381489884,0.4836073191267147,0.12053428821914236
C2,VALIDATE,today,126,129,-3.5468072857634874,-0.05816796602338936,-0.06069278731695926,0.30120481927710846,0.0002077265218597344,0.3100395848652752,0.026796721319905736
C2,VALIDATE,historical,126,129,-1.2897835559836683,-0.02097346280747392,-0.03431326005192048,0.37349397590361444,0.0002077265218597344,0.3100395848652752,0.026796721319905736
C4,TRAIN,today,438,436,0.19603471347636506,0.02234879017945457,-0.12838109977993473,0.5344036697247706,0.0007341813193275195,1.095793013921671,0.3201030552267985
C4,TRAIN,historical,438,436,1.243950331466729,0.1873975115934874,-0.09304764692837775,0.5688073394495413,0.0007341813193275195,1.095793013921671,0.3201030552267985
C4,VALIDATE,today,126,124,-1.7126829825043959,-0.03725726881757008,-0.04566871784269644,0.45161290322580644,0.0003676728590557646,0.5487654612772606,0.04559143452291481
C4,VALIDATE,historical,126,124,-0.013184498892700115,-0.0007628129229070302,-0.028324168534446748,0.49193548387096775,0.0003676728590557646,0.5487654612772606,0.04559143452291481
BUYHOLD,TRAIN,today,439,0,1.0422440773588535,0.2643016816051702,-0.16104038220999295,0.530751708428246,,,0.2653541128684408
BUYHOLD,TRAIN,historical,439,0,1.0716451576389194,0.27341468332530017,-0.15953120566754853,0.5353075170842825,,,0.2653541128684408
BUYHOLD,VALIDATE,today,126,0,0.5372657608098274,0.01990300470284634,-0.04678442013944839,0.5158730158730159,,,0.025282562789580743
BUYHOLD,VALIDATE,historical,126,0,0.5823871202906882,0.02173825419004105,-0.046495897439501555,0.5158730158730159,,,0.025282562789580743
C3,FIRST,today,3157,13,0.33543672220710624,0.9519464239195286,-0.5527516839607854,0.5118783655369021,0.09257008441026437,138.16430508994682,1.2034110973334369
C3,FIRST,historical,3157,13,0.35294243706189177,1.0680178024813713,-0.5495020001537694,0.5121951219512195,0.09257008441026437,138.16430508994682,1.2034110973334369
C3,SECOND,today,3675,21,-0.004373075137095972,-0.18679892237764628,-0.5935543586591644,0.505578231292517,0.005182626693834899,7.7352637221416405,0.10883516057053289
C3,SECOND,historical,3675,21,0.024667785525715212,-0.1285992640618132,-0.5907893027130506,0.5063945578231293,0.005182626693834899,7.7352637221416405,0.10883516057053289
C3,FULL,today,6832,34,0.18766864109515463,0.5873249353924663,-0.6288597951256752,0.5084894613583139,0.03859547817364617,57.6051913039495,1.3122462579039698
C3,FULL,historical,6832,34,0.20939155542289462,0.802072235015542,-0.6056057802662678,0.5090749414519906,0.03859547817364617,57.6051913039495,1.3122462579039698
C3_longflat,FIRST,today,3157,7,0.6156255372380667,2.653383633487205,-0.40728218654868265,0.3649033892936332,0.23090394790191,344.6327580625522,1.61632763531337
C3_longflat,FIRST,historical,3157,7,0.6311131374812564,2.7996957894339918,-0.40585029466481937,0.3652201457079506,0.23090394790191,344.6327580625522,1.61632763531337
C3_longflat,SECOND,today,3675,11,0.38555543752215576,0.9106804953850456,-0.39288129696772034,0.41741496598639455,0.08085302861982656,120.67616211914411,0.8893833148180922
C3_longflat,SECOND,historical,3675,11,0.41219295505286724,1.0188416041203334,-0.39117119149823965,0.4182312925170068,0.08085302861982656,120.67616211914411,0.8893833148180922
C3_longflat,FULL,today,6832,18,0.5043151470267232,5.980448850662943,-0.40728218654868265,0.3931498829039813,0.13920616389619234,207.77039387491394,2.505710950131462
C3_longflat,FULL,historical,6832,18,0.524507559280841,6.670983942710169,-0.40585029466481937,0.3937353629976581,0.13920616389619234,207.77039387491394,2.505710950131462
BUYHOLD,FIRST,today,3157,0,0.5967088180280236,4.763594622764135,-0.6009864790110651,0.5384859043395629,,,2.4125739068690146
BUYHOLD,FIRST,historical,3157,0,0.612309578176334,5.12519499383659,-0.5995388872647807,0.5388026607538803,,,2.4125739068690146
BUYHOLD,SECOND,today,3675,0,0.6366219582586589,2.7786805558473606,-0.38523633051306283,0.5308843537414966,,,1.6481763488320451
BUYHOLD,SECOND,historical,3675,0,0.6655242062565375,3.0508966509992366,-0.3847362222609644,0.5317006802721088,,,1.6481763488320451
BUYHOLD,FULL,today,6832,0,0.5843559219762713,20.77878293282522,-0.6009864790110651,0.5343969555035128,,,4.060750255701059
BUYHOLD,FULL,historical,6832,0,0.6040975936459902,23.812531887249957,-0.5995388872647807,0.5349824355971897,,,4.060750255701059
